<?xml version="1.0" encoding="UTF-8"?>
<?xml-stylesheet type="text/xsl" href="configuration.xsl"?>

<configuration>
    <property>
        <!-- 当前集群NameNode的IP地址和端口号。2.0前使用fs.default.name，但后续兼容-->
        <name>fs.defaultFS</name>
        <value>hdfs://fetch-loadTest-20:8020</value>
    </property>
    <property>
        <!-- 设置临时文件目录 -->
        <name>hadoop.tmp.dir</name>
        <!-- 当前用户须要对此目录有读写权限. -->
        <value>/tmp</value>
    </property>
</configuration>