<?xml version="1.0" encoding="UTF-8"?>
<configuration>
    <property>
        <name>yarn.nodemanager.aux-services</name>
        <value>mapreduce_shuffle</value>
    </property>
    <property>
        <name>yarn.resourcemanager.address</name>
        <value>fetch-loadTest-20:8032</value>
    </property>
    <property>
        <name>yarn.resourcemanager.scheduler.address</name>
        <value>fetch-loadTest-20:8030</value>
    </property>
    <property>
        <name>yarn.resourcemanager.resource-tracker.address</name>
        <value>fetch-loadTest-20:8031</value>
    </property>
    <property>
        <name>yarn.resourcemanager.admin.address</name>
        <value>fetch-loadTest-20:8033</value>
    </property>
    <property>
        <name>yarn.resourcemanager.webapp.address</name>
        <value>fetch-loadTest-20:8088</value>
    </property>
    <property>
        <name>mapreduce.jobhistory.address</name>
        <value>fetch-loadTest-20:10020</value>
    </property>
    <property>
        <name>mapreduce.jobhistory.webapp.address</name>
        <value>fetch-loadTest-20:19888</value>
    </property>
    <property>
        <name>yarn.log.server.url</name>
        <value>http://fetch-loadTest-20:19888/jobhistory/logs/</value>
    </property>
    <property>
        <name>yarn.log-aggregation-enable</name>
        <value>true</value>
    </property>
    <property>
        <name>yarn.nodemanager.remote-app-log-dir</name>
        <value>/applog/hadoop-yarn/</value>
    </property>
</configuration>